Workbook

Sheet Task Brief
A1: T20 ESG reporting dashboard
A2: Mini project | 30 marks | Build something with free LLM tools
A4: Task ID | B4: T20
A5: Task | B5: ESG reporting dashboard
A6: Theme | B6: No-code apps & dashboards
A7: Suggested free tools | B7: Gemini Canvas, ChatGPT Canvas or Claude (free) to generate the app; Excel / Google Sheets to verify numbers
A8: What students do | B8: 1. Build a dashboard of emissions, renewable share, water, waste and safety by plant and quarter. 2. Ask an LLM which BRSR-style indicators these map to, and verify against the SEBI BRSR format. 3. Identify best and worst plants. 4. Write a draft ESG highlights page.
A9: Deliverables | B9: Dashboard; indicator mapping; ESG highlights page; AI-use log
A10: Dataset in this file | B10: 5 plants x 8 quarters of ESG metrics - 'Plant ESG Quarterly' sheet: 40 rows x 13 columns
A11: About the data | B11: All data is synthetic and created for teaching; companies, people and figures are fictional. Treat it as if it were real business data. If a 'Gold Labels (evaluation)' sheet is present, do NOT give it to the AI tool - use it only at the end to measure your accuracy.
A12: Team size | B12: Individual (or pairs if your faculty allows)
A13: Responsible AI rules | B13: Use only free tools; never paste real personal or confidential data into public AI tools; verify every number the AI gives you; disclose AI-generated content.
A14: Submission | B14: 1) Build link / file / screen recording 2) This workbook with your outputs added as new sheets 3) Completed 'AI Use Log' sheet (minimum 15 entries) 4) 3-5 page report with recommendation and reflection
A16: Evaluation rubric (30 marks)
A17: Criterion | B17: What is assessed | C17: Marks | D17: Excellent | E17: Good | F17: Fair | G17: Poor
A18: 1. Working build | B18: Tool / bot / app / automation works end to end on the provided data; link, file or screen recording submitted | C18: 8 | D18: Runs fully (7-8) | E18: Minor gaps (5-6) | F18: Partly working (3-4) | G18: Not working (0-2)
A19: 2. Correctness and verification | B19: Outputs checked against the data or gold labels; accuracy measured; errors found and fixed | C19: 7 | D19: Systematic checks with numbers (6-7) | E19: Some checks (4-5) | F19: Few checks (2-3) | G19: None (0-1)
A20: 3. Prompting and iteration | B20: Clear, structured prompts; at least 3 documented improvement rounds with reasons | C20: 5 | D20: Strong iteration (5) | E20: Some iteration (3-4) | F20: Mostly one-shot (2) | G20: No log (0-1)
A21: 4. Business insight and recommendation | B21: Specific, data-backed recommendation for the stated manager or customer | C21: 6 | D21: Actionable and quantified (6) | E21: Sound but generic (4-5) | F21: Descriptive only (2-3) | G21: Missing (0-1)
A22: 5. Documentation and reflection | B22: Complete AI-use log, limitations, responsible-AI notes and personal reflection | C22: 4 | D22: Complete and honest (4) | E22: Mostly complete (3) | F22: Thin (2) | G22: Missing (0-1)
A23: Total | C23: =SUM(C18:C22) -> 30

Sheet Plant ESG Quarterly
A1: plant | B1: quarter | C1: scope1_emissions_tco2e | D1: scope2_emissions_tco2e | E1: renewable_energy_share | F1: water_withdrawn_kl | G1: waste_recycled_share | H1: hazardous_waste_tonnes | I1: lost_time_injuries | J1: ltifr_per_million_hours | K1: training_hours_per_employee | L1: women_in_workforce_share | M1: headcount
A2: Pune Plant | B2: Q1 FY25 | C2: 1251 | D2: 3389 | E2: 0.11 | F2: 51987 | G2: 0.57 | H2: 95.5 | I2: 2 | J2: 2.04 | K2: 13 | L2: 0.16 | M2: 1424
A3: Pune Plant | B3: Q2 FY25 | C3: 1387 | D3: 3733 | E3: 0.19 | F3: 58371 | G3: 0.63 | H3: 85.9 | I3: 1 | J3: 2.11 | K3: 14 | L3: 0.14 | M3: 1023
A4: Pune Plant | B4: Q3 FY25 | C4: 1326 | D4: 3915 | E4: 0.2 | F4: 57934 | G4: 0.59 | H4: 110.1 | I4: 1 | J4: 1.67 | K4: 20 | L4: 0.18 | M4: 1443
A5: Pune Plant | B5: Q4 FY25 | C5: 1248 | D5: 3858 | E5: 0.2 | F5: 57514 | G5: 0.66 | H5: 90.4 | I5: 1 | J5: 1.17 | K5: 22 | L5: 0.2 | M5: 1152
A6: Pune Plant | B6: Q1 FY26 | C6: 1346 | D6: 3650 | E6: 0.23 | F6: 56409 | G6: 0.6 | H6: 114 | I6: 2 | J6: 1.73 | K6: 14 | L6: 0.21 | M6: 959
A7: Pune Plant | B7: Q2 FY26 | C7: 1243 | D7: 3426 | E7: 0.27 | F7: 50617 | G7: 0.67 | H7: 103.3 | I7: 0 | J7: 1.19 | K7: 10 | L7: 0.22 | M7: 975
A8: Pune Plant | B8: Q3 FY26 | C8: 1129 | D8: 3149 | E8: 0.31 | F8: 52740 | G8: 0.76 | H8: 113.9 | I8: 1 | J8: 1.69 | K8: 10 | L8: 0.23 | M8: 1112
A9: Pune Plant | B9: Q4 FY26 | C9: 1203 | D9: 3065 | E9: 0.33 | F9: 50763 | G9: 0.76 | H9: 83.4 | I9: 1 | J9: 1.06 | K9: 8 | L9: 0.25 | M9: 1327
A10: Nashik Plant | B10: Q1 FY25 | C10: 1070 | D10: 3290 | E10: 0.12 | F10: 52779 | G10: 0.58 | H10: 73.8 | I10: 1 | J10: 2.19 | K10: 16 | L10: 0.18 | M10: 1079
A11: Nashik Plant | B11: Q2 FY25 | C11: 1109 | D11: 2998 | E11: 0.16 | F11: 51167 | G11: 0.53 | H11: 68.5 | I11: 1 | J11: 1.68 | K11: 16 | L11: 0.22 | M11: 1046
A12: Nashik Plant | B12: Q3 FY25 | C12: 1056 | D12: 2785 | E12: 0.17 | F12: 44174 | G12: 0.59 | H12: 96.9 | I12: 1 | J12: 2.17 | K12: 23 | L12: 0.18 | M12: 1298
A13: Nashik Plant | B13: Q4 FY25 | C13: 1146 | D13: 3258 | E13: 0.23 | F13: 47518 | G13: 0.64 | H13: 85.2 | I13: 1 | J13: 2.17 | K13: 14 | L13: 0.18 | M13: 900
... A41: Sanand Plant | B41: Q4 FY26 | C41: 1229 | D41: 3516 | E41: 0.37 | F41: 48452 | G41: 0.71 | H41: 79.8 | I41: 2 | J41: 0.94 | K41: 9 | L41: 0.26 | M41: 1018

Sheet Data Dictionary
A1: sheet | B1: column | C1: data_type | D1: example_value | E1: non_empty_values | F1: distinct_values
A2: Plant ESG Quarterly | B2: plant | C2: Text | D2: Pune Plant | E2: 40 | F2: 5
A3: Plant ESG Quarterly | B3: quarter | C3: Text | D3: Q1 FY25 | E3: 40 | F3: 8
A4: Plant ESG Quarterly | B4: scope1_emissions_tco2e | C4: Whole number | D4: 1251 | E4: 40 | F4: 40
A5: Plant ESG Quarterly | B5: scope2_emissions_tco2e | C5: Whole number | D5: 3389 | E5: 40 | F5: 39
A6: Plant ESG Quarterly | B6: renewable_energy_share | C6: Decimal number | D6: 0.11 | E6: 40 | F6: 25
A7: Plant ESG Quarterly | B7: water_withdrawn_kl | C7: Whole number | D7: 51987 | E7: 40 | F7: 40
A8: Plant ESG Quarterly | B8: waste_recycled_share | C8: Decimal number | D8: 0.57 | E8: 40 | F8: 22
A9: Plant ESG Quarterly | B9: hazardous_waste_tonnes | C9: Decimal number | D9: 95.5 | E9: 40 | F9: 39
A10: Plant ESG Quarterly | B10: lost_time_injuries | C10: Whole number | D10: 2 | E10: 40 | F10: 5
A11: Plant ESG Quarterly | B11: ltifr_per_million_hours | C11: Decimal number | D11: 2.04 | E11: 40 | F11: 33
A12: Plant ESG Quarterly | B12: training_hours_per_employee | C12: Whole number | D12: 13 | E12: 40 | F12: 16
A13: Plant ESG Quarterly | B13: women_in_workforce_share | C13: Decimal number | D13: 0.16 | E13: 40 | F13: 14
A14: Plant ESG Quarterly | B14: headcount | C14: Whole number | D14: 1424 | E14: 40 | F14: 40

Sheet AI Use Log
A1: AI Use Log - fill one row per prompt (minimum 15). Yellow cells are for you to fill; row 4 is an example.
A2: Evidence = shared chat link or screenshot file name. Keep rejected outputs too - they earn marks under 'Prompting and iteration'.
A3: # | B3: date | C3: tool | D3: model / mode | E3: settings used (if any) | F3: prompt (exact text) | G3: what the output did well / badly | H3: what I changed next and why | I3: kept or rejected | J3: evidence link / file
A4: 1 | B4: 46297 | C4: ChatGPT | D4: GPT-5.6 Luna | F4: I'm currently doing an assignment for a subject "AI Powered Tools". I'm giving you the task given to me for the assignment and I want you to explain to me first on what to do and how to do. | G4: Helped break the 30-mark rubric into working build, verification, prompting, business insights, and documentation. | H4: Used the rubric to plan the project workflow before making further changes. | I4: Kept | J4: https://drive.google.com/drive/folders/128P7jwk4uu7-nwbP0VUSRc-vPzER-V_-?usp=sharing
A5: 2 | B5: 46297 | C5: Gemini (paid) | D5: Gemini 3.1 Pro for Web, Canvas | F5: Using the attached ESG reporting dashboard task brief and dataset, help me build an ESG reporting dashboard showing emissions, renewable share, water, waste and safety by plant and quarter. | G5: Generated an initial dashboard structure with KPI cards, charts and filters. | H5: Reviewed the proposed structure against the assignment requirements. | I5: Kept | J5: Screenshot 1
A6: 3 | B6: 46297 | C6: Gemini (paid) | D6: Gemini 3.1 Pro for Web, Canvas | F6: Create an interactive ESG reporting dashboard using the uploaded Excel workbook, with plant and quarter filters and visualizations for emissions, renewable energy, water, waste and safety. | G6: Generated the dashboard, but some visualizations were blank after the Excel upload. | H6: Checked the workbook's actual column names and compared them with the fields expected by the dashboard. | I6: Rejected | J6: Screenshot 2
A7: 4 | B7: 46297 | C7: Gemini (paid) | D7: Gemini 3.1 Pro for Web, Canvas | F7: The visualizations are coming up blank after I upload the Excel data in the dashboard. | G7: Helped identify that the dashboard was not correctly matching the uploaded data fields. | H7: Investigated the source Excel columns and identified the mismatch between expected and actual field names. | I7: Kept | J7: Screenshot 3
A8: 5 | B8: 46297 | C8: ChatGPT | D8: GPT-5.6 Luna | F8: Walk me through exactly what to put in each Excel sheet, cell by cell, #div/0 error comin in c5 | G8: Provided formulas for emissions, renewable share, water, recycling, h+F10+G8 | H8: Checked the formulas against the plant names and corrected the Nashik Plant issue caused by an extra space. | I8: kept | J8: Chatgpt 2
A9: 6 | B9: 46297 | C9: Gemini (paid) | D9: Gemini 3.1 Pro for Web, Canvas | F9: Use these exact column names from the Plant ESG Quarterly sheet and update the dashboard data mapping so the uploaded Excel data is used correctly. | G9: Corrected the data mapping to match the actual workbook fields. | H9: Specified the exact source columns and instructed the dashboard not to invent unavailable fields. | I9: Kept | J9: Screenshot 4
A10: 7 | B10: 46297 | C10: Gemini (paid) | D10: Gemini 3.1 Pro for Web, Canvas | F10: Use renewable_energy_share directly from the uploaded data instead of calculating it from Total Energy or other unavailable columns. | G10: Correctly used the supplied renewable-energy percentage. | H10: Verified that renewable_energy_share was already provided in the workbook. | I10: Kept | J10: Screenshot 5
A11: 8 | B11: 46297 | C11: Gemini (paid) | D11: Gemini 3.1 Pro for Web, Canvas | F11: Use waste_recycled_share directly from the uploaded data and do not calculate it from Waste Generated because that field is not provided. | G11: Correctly mapped the waste-recycling metric to the source field. | H11: Confirmed that waste_recycled_share exists and Waste Generated does not. | I11: Kept | J11: Screenshot 6
A12: 9 | B12: 46297 | C12: Gemini (paid) | D12: Gemini 3.1 Pro for Web, Canvas | F12: Use ltifr_per_million_hours directly from the uploaded data and do not recalculate LTIFR using unavailable Hours Worked data. | G12: Correctly used the reported LTIFR values. | H12: Checked the source columns and prevented an incorrect recalculation. | I12: Kept | J12: Screenshot 7
A13: 10 | B13: 46297 | C13: Gemini (paid) | D13: Gemini 3.1 Pro for Web, Canvas | F13: Make sure the uploaded Excel file populates all KPI cards, the plant and quarter filters use the actual values, and the charts contain the uploaded data. | G13: Corrected dashboard populated the KPI cards and charts. | H13: Retested the dashboard after the data-mapping changes. | I13: Kept | J13: Screenshot 8
A14: 11 | B14: 46297 | C14: Microsoft Excel | D14: Not applicable – spreadsheet verification | F14: Calculate plant-level ESG performance from the Plant ESG Quarterly sheet for total emissions, renewable share, water, waste, hazardous waste, LTIs, LTIFR, training, women workforce share and headcount. | G14: Produced numerical plant-level summaries for verification. | H14: Created the Plant Analysis sheet using SUMIFS and AVERAGEIFS. | I14: Kept | J14: Plant Analysis
A15: 12 | B15: 46297 | C15: Microsoft Excel | D15: Not applicable – spreadsheet verification | F15: Calculate the average renewable energy share for each plant using the renewable_energy_share column. | G15: The formula initially produced an error for Nashik. | H15: Found an extra space in the Nashik Plant name and corrected it so the formulas matched the source data. | I15: Kept | J15: Plant Analysis
... A22: 19 | B22: 46297 | C22: Gemini (paid) | D22: Gemini 3.1 Pro for Web, Canvas | F22: Review the completed ESG dashboard against the assignment requirements and identify any remaining issues with the dashboard, verification, AI-use documentation and ESG recommendations. | G22: Provided a final checklist for the assignment. | H22: Used the checklist to confirm the dashboard, verification, BRSR mapping, ESG highlights and AI-use log were covered. | I22: Kept | J22: Screenshot 13
A23: 20
A24: 21
A25: 22
A26: 23
A27: 24
A28: 25
A29: 26
A30: 27
A31: 28

Sheet BRSR Indicator Mapping
A1: Dashboard Metric | B1: Source Column | C1: Unit | D1: BRSR-style Topic | E1: Indicator/ Disclosure Area | F1: Calculation / Definition | G1: Verification Status
A2: Scope 1 Emissions | B2: scope1_emissions_tco2e | C2: tCO₂e | D2: GHG Emissions | E2: Direct GHG emissions | F2: Reported value from source data | G2: Verified
A3: Scope 2 Emissions | B3: scope2_emissions_tco2e | C3: tCO₂e | D3: GHG Emissions | E3: Indirect energy-related GHG emissions | F3: Reported value from source data | G3: Verified
A4: Total Emissions | B4: Scope 1 + Scope 2 | C4: tCO₂e | D4: GHG Emissions | E4: Total reported emissions | F4: Scope 1 + Scope 2 | G4: Verified
A5: Renewable Energy Share | B5: renewable_energy_share | C5: % | D5: Energy Management | E5: Renewable energy share | F5: Source decimal × 100 | G5: Verified
A6: Water Withdrawn | B6: water_withdrawn_kl | C6: kL | D6: Water Management | E6: Water withdrawal | F6: Reported value from source data | G6: Verified
A7: Waste Recycled Share | B7: waste_recycled_share | C7: % | D7: Waste Management | E7: Waste recycling | F7: Source decimal × 100 | G7: Verified
A8: Hazardous Waste | B8: hazardous_waste_tonnes | C8: tonnes | D8: Waste Management | E8: Hazardous waste | F8: Reported value from source data | G8: Verified
A9: Lost Time Injuries | B9: lost_time_injuries | C9: count | D9: Occupational Health & Safety | E9: Lost-time injuries | F9: Reported count | G9: Verified
A10: LTIFR | B10: ltifr_per_million_hours | C10: per million hours | D10: Occupational Health & Safety | E10: Lost Time Injury Frequency Rate | F10: Use reported LTIFR directly | G10: Verified
A11: Training Hours per Employee | B11: training_hours_per_employee | C11: hours/employee | D11: Employee Development | E11: Training | F11: Reported training hours per employee | G11: Verified
A12: Women in Workforce Share | B12: women_in_workforce_share | C12: % | D12: Diversity & Inclusion | E12: Women in workforce | F12: Source decimal × 100 | G12: Verified
A13: Headcount | B13: headcount | C13: employees | D13: Workforce | E13: Total workforce | F13: Reported headcount | G13: Verified
A15: Mapping is BRSR-style and aligns dashboard metrics with relevant ESG disclosure areas; it is not a claim that every metric is an exact BRSR disclosure field.

Sheet Plant Analysis
A1: Plant-Level ESG Analysis – FY25 & FY26
A3: Plant | B3: Total Emissions (tCO₂e) | C3: Avg Renewable Share | D3: Total Water Withdrawn (kL) | E3: Avg Waste Recycled Share | F3: Total Hazardous Waste (tonnes) | G3: Total LTIs | H3: Avg LTIFR | I3: Avg Training Hours/Employee | J3: Avg Women Workforce Share | K3: Avg Headcount
A4: Pune Plant | B4: =SUMIFS('Plant ESG Quarterly'!$C:$C,'Plant ESG Quarterly'!$A:$A,$A4)+SUMIFS('Plant ESG Quarterly'!$D:$D,'Plant ESG Quarterly'!$A:$A,$A4) -> 38318 | C4: =AVERAGEIFS('Plant ESG Quarterly'!$E:$E,'Plant ESG Quarterly'!$A:$A,$A4) -> 0.23 | D4: =SUMIFS('Plant ESG Quarterly'!$F:$F,'Plant ESG Quarterly'!$A:$A,$A4) -> 436335 | E4: =AVERAGEIFS('Plant ESG Quarterly'!$G:$G,'Plant ESG Quarterly'!$A:$A,$A4) -> 0.655 | F4: =SUMIFS('Plant ESG Quarterly'!$H:$H,'Plant ESG Quarterly'!$A:$A,$A4) -> 796.5 | G4: =SUMIFS('Plant ESG Quarterly'!$I:$I,'Plant ESG Quarterly'!$A:$A,$A4) -> 9 | H4: =AVERAGEIFS('Plant ESG Quarterly'!$J:$J,'Plant ESG Quarterly'!$A:$A,$A4) -> 1.5825 | I4: =AVERAGEIFS('Plant ESG Quarterly'!$K:$K,'Plant ESG Quarterly'!$A:$A,$A4) -> 13.875 | J4: =AVERAGEIFS('Plant ESG Quarterly'!$L:$L,'Plant ESG Quarterly'!$A:$A,$A4) -> 0.19875 | K4: =AVERAGEIFS('Plant ESG Quarterly'!$M:$M,'Plant ESG Quarterly'!$A:$A,$A4) -> 1176.875
A5: Nashik Plant | B5: =SUMIFS('Plant ESG Quarterly'!$C:$C,'Plant ESG Quarterly'!$A:$A,$A5)+SUMIFS('Plant ESG Quarterly'!$D:$D,'Plant ESG Quarterly'!$A:$A,$A5) -> 32314 | C5: =AVERAGEIFS('Plant ESG Quarterly'!$E:$E,'Plant ESG Quarterly'!$A:$A,$A5) -> 0.24375 | D5: =SUMIFS('Plant ESG Quarterly'!$F:$F,'Plant ESG Quarterly'!$A:$A,$A5) -> 367017 | E5: =AVERAGEIFS('Plant ESG Quarterly'!$G:$G,'Plant ESG Quarterly'!$A:$A,$A5) -> 0.63125 | F5: =SUMIFS('Plant ESG Quarterly'!$H:$H,'Plant ESG Quarterly'!$A:$A,$A5) -> 665.8 | G5: =SUMIFS('Plant ESG Quarterly'!$I:$I,'Plant ESG Quarterly'!$A:$A,$A5) -> 10 | H5: =AVERAGEIFS('Plant ESG Quarterly'!$J:$J,'Plant ESG Quarterly'!$A:$A,$A5) -> 1.88375 | I5: =AVERAGEIFS('Plant ESG Quarterly'!$K:$K,'Plant ESG Quarterly'!$A:$A,$A5) -> 16 | J5: =AVERAGEIFS('Plant ESG Quarterly'!$L:$L,'Plant ESG Quarterly'!$A:$A,$A5) -> 0.21375 | K5: =AVERAGEIFS('Plant ESG Quarterly'!$M:$M,'Plant ESG Quarterly'!$A:$A,$A5) -> 1190.125
A6: Chennai Plant | B6: =SUMIFS('Plant ESG Quarterly'!$C:$C,'Plant ESG Quarterly'!$A:$A,$A6)+SUMIFS('Plant ESG Quarterly'!$D:$D,'Plant ESG Quarterly'!$A:$A,$A6) -> 35702 | C6: =AVERAGEIFS('Plant ESG Quarterly'!$E:$E,'Plant ESG Quarterly'!$A:$A,$A6) -> 0.22875 | D6: =SUMIFS('Plant ESG Quarterly'!$F:$F,'Plant ESG Quarterly'!$A:$A,$A6) -> 407847 | E6: =AVERAGEIFS('Plant ESG Quarterly'!$G:$G,'Plant ESG Quarterly'!$A:$A,$A6) -> 0.635 | F6: =SUMIFS('Plant ESG Quarterly'!$H:$H,'Plant ESG Quarterly'!$A:$A,$A6) -> 767.5 | G6: =SUMIFS('Plant ESG Quarterly'!$I:$I,'Plant ESG Quarterly'!$A:$A,$A6) -> 11 | H6: =AVERAGEIFS('Plant ESG Quarterly'!$J:$J,'Plant ESG Quarterly'!$A:$A,$A6) -> 1.75625 | I6: =AVERAGEIFS('Plant ESG Quarterly'!$K:$K,'Plant ESG Quarterly'!$A:$A,$A6) -> 16.75 | J6: =AVERAGEIFS('Plant ESG Quarterly'!$L:$L,'Plant ESG Quarterly'!$A:$A,$A6) -> 0.21875 | K6: =AVERAGEIFS('Plant ESG Quarterly'!$M:$M,'Plant ESG Quarterly'!$A:$A,$A6) -> 1203.125
A7: Baddi Plant | B7: =SUMIFS('Plant ESG Quarterly'!$C:$C,'Plant ESG Quarterly'!$A:$A,$A7)+SUMIFS('Plant ESG Quarterly'!$D:$D,'Plant ESG Quarterly'!$A:$A,$A7) -> 41860 | C7: =AVERAGEIFS('Plant ESG Quarterly'!$E:$E,'Plant ESG Quarterly'!$A:$A,$A7) -> 0.215 | D7: =SUMIFS('Plant ESG Quarterly'!$F:$F,'Plant ESG Quarterly'!$A:$A,$A7) -> 469883 | E7: =AVERAGEIFS('Plant ESG Quarterly'!$G:$G,'Plant ESG Quarterly'!$A:$A,$A7) -> 0.66125 | F7: =SUMIFS('Plant ESG Quarterly'!$H:$H,'Plant ESG Quarterly'!$A:$A,$A7) -> 811.1 | G7: =SUMIFS('Plant ESG Quarterly'!$I:$I,'Plant ESG Quarterly'!$A:$A,$A7) -> 5 | H7: =AVERAGEIFS('Plant ESG Quarterly'!$J:$J,'Plant ESG Quarterly'!$A:$A,$A7) -> 1.88 | I7: =AVERAGEIFS('Plant ESG Quarterly'!$K:$K,'Plant ESG Quarterly'!$A:$A,$A7) -> 16 | J7: =AVERAGEIFS('Plant ESG Quarterly'!$L:$L,'Plant ESG Quarterly'!$A:$A,$A7) -> 0.215 | K7: =AVERAGEIFS('Plant ESG Quarterly'!$M:$M,'Plant ESG Quarterly'!$A:$A,$A7) -> 1186.5
A8: Sanand Plant | B8: =SUMIFS('Plant ESG Quarterly'!$C:$C,'Plant ESG Quarterly'!$A:$A,$A8)+SUMIFS('Plant ESG Quarterly'!$D:$D,'Plant ESG Quarterly'!$A:$A,$A8) -> 38740 | C8: =AVERAGEIFS('Plant ESG Quarterly'!$E:$E,'Plant ESG Quarterly'!$A:$A,$A8) -> 0.23875 | D8: =SUMIFS('Plant ESG Quarterly'!$F:$F,'Plant ESG Quarterly'!$A:$A,$A8) -> 399072 | E8: =AVERAGEIFS('Plant ESG Quarterly'!$G:$G,'Plant ESG Quarterly'!$A:$A,$A8) -> 0.6725 | F8: =SUMIFS('Plant ESG Quarterly'!$H:$H,'Plant ESG Quarterly'!$A:$A,$A8) -> 765.4 | G8: =SUMIFS('Plant ESG Quarterly'!$I:$I,'Plant ESG Quarterly'!$A:$A,$A8) -> 14 | H8: =AVERAGEIFS('Plant ESG Quarterly'!$J:$J,'Plant ESG Quarterly'!$A:$A,$A8) -> 1.42 | I8: =AVERAGEIFS('Plant ESG Quarterly'!$K:$K,'Plant ESG Quarterly'!$A:$A,$A8) -> 15.75 | J8: =AVERAGEIFS('Plant ESG Quarterly'!$L:$L,'Plant ESG Quarterly'!$A:$A,$A8) -> 0.21125 | K8: =AVERAGEIFS('Plant ESG Quarterly'!$M:$M,'Plant ESG Quarterly'!$A:$A,$A8) -> 1168.625
A12: FY25 vs FY26 ESG Performance
A14: Metric | B14: FY25 | C14: FY26 | D14: Change | E14: Interpretation
A15: Total Emissions (tCO₂e) | B15: =SUMIFS('Plant ESG Quarterly'!$C:$C,'Plant ESG Quarterly'!$B:$B,"*FY25")+SUMIFS('Plant ESG Quarterly'!$D:$D,'Plant ESG Quarterly'!$B:$B,"*FY25") -> 96317 | C15: =SUMIFS('Plant ESG Quarterly'!$C:$C,'Plant ESG Quarterly'!$B:$B,"*FY26")+SUMIFS('Plant ESG Quarterly'!$D:$D,'Plant ESG Quarterly'!$B:$B,"*FY26") -> 90617 | D15: =C15-B15 -> -5700 | E15: =IF(D15<0,"Emissions decreased",IF(D15>0,"Emissions increased","No change")) -> Emissions decreased
A16: Average Renewable Share | B16: =AVERAGEIFS('Plant ESG Quarterly'!$E:$E,'Plant ESG Quarterly'!$B:$B,"*FY25") -> 0.169 | C16: =AVERAGEIFS('Plant ESG Quarterly'!$E:$E,'Plant ESG Quarterly'!$B:$B,"*FY26") -> 0.2935 | D16: =C16-B16 -> 0.1245 | E16: =IF(D16>0,"Renewable share increased",IF(D16<0,"Renewable share decreased","No change")) -> Renewable share increased
A17: Total Water Withdrawn (kL) | B17: =SUMIFS('Plant ESG Quarterly'!$F:$F,'Plant ESG Quarterly'!$B:$B,"*FY25") -> 1078030 | C17: =SUMIFS('Plant ESG Quarterly'!$F:$F,'Plant ESG Quarterly'!$B:$B,"*FY26") -> 1002124 | D17: =C17-B17 -> -75906 | E17: =IF(D17<0,"Water withdrawal decreased",IF(D17>0,"Water withdrawal increased","No change")) -> Water withdrawal decreased
A18: Average Waste Recycled Share | B18: =AVERAGEIFS('Plant ESG Quarterly'!$G:$G,'Plant ESG Quarterly'!$B:$B,"*FY25") -> 0.5955 | C18: =AVERAGEIFS('Plant ESG Quarterly'!$G:$G,'Plant ESG Quarterly'!$B:$B,"*FY26") -> 0.7065 | D18: =C18-B18 -> 0.111 | E18: =IF(D18>0,"Recycling share increased",IF(D18<0,"Recycling share decreased","No change")) -> Recycling share increased
A19: Total Hazardous Waste (tonnes) | B19: =SUMIFS('Plant ESG Quarterly'!$H:$H,'Plant ESG Quarterly'!$B:$B,"*FY25") -> 1878.2 | C19: =SUMIFS('Plant ESG Quarterly'!$H:$H,'Plant ESG Quarterly'!$B:$B,"*FY26") -> 1928.1 | D19: =C19-B19 -> 49.9 | E19: =IF(D19<0,"Hazardous waste decreased",IF(D19>0,"Hazardous waste increased","No change")) -> Hazardous waste increased
A20: Total Lost Time Injuries | B20: =SUMIFS('Plant ESG Quarterly'!$I:$I,'Plant ESG Quarterly'!$B:$B,"*FY25") -> 21 | C20: =SUMIFS('Plant ESG Quarterly'!$I:$I,'Plant ESG Quarterly'!$B:$B,"*FY26") -> 28 | D20: =C20-B20 -> 7 | E20: =IF(D20<0,"Injuries decreased",IF(D20>0,"Injuries increased","No change")) -> Injuries increased
A21: Average LTIFR | B21: =AVERAGEIFS('Plant ESG Quarterly'!$J:$J,'Plant ESG Quarterly'!$B:$B,"*FY25") -> 1.77 | C21: =AVERAGEIFS('Plant ESG Quarterly'!$J:$J,'Plant ESG Quarterly'!$B:$B,"*FY26") -> 1.639 | D21: =C21-B21 -> -0.131 | E21: =IF(D21<0,"LTIFR decreased",IF(D21>0,"LTIFR increased","No change")) -> LTIFR decreased
A22: Average Training Hours/Employee | B22: =AVERAGEIFS('Plant ESG Quarterly'!$K:$K,'Plant ESG Quarterly'!$B:$B,"*FY25") -> 16.8 | C22: =AVERAGEIFS('Plant ESG Quarterly'!$K:$K,'Plant ESG Quarterly'!$B:$B,"*FY26") -> 14.55 | D22: =C22-B22 -> -2.25 | E22: =IF(D22>0,"Training hours increased",IF(D22<0,"Training hours decreased","No change")) -> Training hours decreased
A23: Average Women Workforce Share | B23: =AVERAGEIFS('Plant ESG Quarterly'!$L:$L,'Plant ESG Quarterly'!$B:$B,"*FY25") -> 0.184 | C23: =AVERAGEIFS('Plant ESG Quarterly'!$L:$L,'Plant ESG Quarterly'!$B:$B,"*FY26") -> 0.239 | D23: =C23-B23 -> 0.055 | E23: =IF(D23>0,"Women workforce share increased",IF(D23<0,"Women workforce share decreased","No change")) -> Women workforce share increased
